{"cameraMode":{"drawMode":0,"name":"Shaded","section":"Shading Mode"},"sceneLighting":true,"audioPlay":false,"sceneViewState":{"showFog":true,"showMaterialUpdate":false,"showSkybox":true,"showFlares":true,"showImageEffects":true,"showParticleSystems":true},"in2DMode":false,"pivot":{"x":-0.62764573097229,"y":-0.23864400386810304,"z":0.0037018954753875734},"rotation":{"x":-0.12509825825691224,"y":0.8156760931015015,"z":-0.19211231172084809,"w":-0.5311460494995117},"size":3.0071520805358888,"orthographic":false}