{"cameraMode":{"drawMode":0,"name":"Shaded","section":"Shading Mode"},"sceneLighting":false,"audioPlay":false,"sceneViewState":{"showFog":true,"showMaterialUpdate":false,"showSkybox":false,"showFlares":true,"showImageEffects":true,"showParticleSystems":true},"in2DMode":false,"pivot":{"x":1.4901161193847657e-8,"y":0.0416424423456192,"z":-0.11403894424438477},"rotation":{"x":0.003605447243899107,"y":0.9940147399902344,"z":-0.10356055945158005,"w":0.03460654243826866},"size":0.2777665853500366,"orthographic":false}