{"cameraMode":{"drawMode":0,"name":"Shaded","section":"Shading Mode"},"sceneLighting":false,"audioPlay":false,"sceneViewState":{"showFog":true,"showMaterialUpdate":false,"showSkybox":false,"showFlares":true,"showImageEffects":true,"showParticleSystems":true},"in2DMode":false,"pivot":{"x":2305.160400390625,"y":928.0958862304688,"z":292.1539306640625},"rotation":{"x":-0.024925563484430314,"y":0.9639567732810974,"z":-0.09750446677207947,"w":-0.246341273188591},"size":0.7538298964500427,"orthographic":false}