{"cameraMode":{"drawMode":0,"name":"Shaded","section":"Shading Mode"},"sceneLighting":false,"audioPlay":false,"sceneViewState":{"showFog":true,"showMaterialUpdate":true,"showSkybox":false,"showFlares":true,"showImageEffects":true,"showParticleSystems":true},"in2DMode":false,"pivot":{"x":6.766313076019287,"y":3.859999895095825,"z":15.699615478515625},"rotation":{"x":-0.024118730798363687,"y":-0.9711765050888062,"z":0.10541616380214691,"w":-0.21410073339939118},"size":0.9825388193130493,"orthographic":false}