{"cameraMode":{"drawMode":0,"name":"Shaded","section":"Shading Mode"},"sceneLighting":false,"audioPlay":false,"sceneViewState":{"showFog":true,"showMaterialUpdate":true,"showSkybox":false,"showFlares":true,"showImageEffects":true,"showParticleSystems":true},"in2DMode":false,"pivot":{"x":-0.016733437776565553,"y":0.007282868027687073,"z":0.0},"rotation":{"x":-0.0006623381050303578,"y":0.9942938685417175,"z":-0.10964179784059525,"w":-0.016181286424398423},"size":0.43664276599884035,"orthographic":false}