{"cameraMode":{"drawMode":0,"name":"Shaded","section":"Shading Mode"},"sceneLighting":false,"audioPlay":false,"sceneViewState":{"showFog":true,"showMaterialUpdate":false,"showSkybox":false,"showFlares":true,"showImageEffects":true,"showParticleSystems":true},"in2DMode":false,"pivot":{"x":1.4901161193847657e-8,"y":0.0,"z":-0.11403894424438477},"rotation":{"x":0.0030717335175722839,"y":0.9936493635177612,"z":0.028018729761242868,"w":-0.10893881320953369},"size":0.2519395351409912,"orthographic":false}