{"cameraMode":{"drawMode":0,"name":"Shaded","section":"Shading Mode"},"sceneLighting":true,"audioPlay":false,"sceneViewState":{"showFog":true,"showMaterialUpdate":true,"showSkybox":true,"showFlares":true,"showImageEffects":true,"showParticleSystems":true},"in2DMode":false,"pivot":{"x":1.4242243766784669,"y":2.2142493724823,"z":1.3421672582626343},"rotation":{"x":0.0653471052646637,"y":0.7349461317062378,"z":-0.07386674731969834,"w":0.6718892455101013},"size":4.948989391326904,"orthographic":false}