{"cameraMode":{"drawMode":0,"name":"Shaded","section":"Shading Mode"},"sceneLighting":false,"audioPlay":false,"sceneViewState":{"showFog":true,"showMaterialUpdate":true,"showSkybox":false,"showFlares":true,"showImageEffects":true,"showParticleSystems":true},"in2DMode":false,"pivot":{"x":-54.393733978271487,"y":-1.17746901512146,"z":60.91450500488281},"rotation":{"x":-0.13144388794898988,"y":0.1726119965314865,"z":-0.023038681596517564,"w":-0.9761912226676941},"size":1.0920779705047608,"orthographic":false}