{"cameraMode":{"drawMode":0,"name":"Shaded","section":"Shading Mode"},"sceneLighting":false,"audioPlay":false,"sceneViewState":{"showFog":true,"showMaterialUpdate":true,"showSkybox":false,"showFlares":true,"showImageEffects":true,"showParticleSystems":true},"in2DMode":false,"pivot":{"x":-1.2168049812316895,"y":0.05756378173828125,"z":7.09733247756958},"rotation":{"x":-0.2917048931121826,"y":-0.2887876033782959,"z":0.09228567034006119,"w":-0.9076380133628845},"size":2.159198760986328,"orthographic":false}