{"cameraMode":{"drawMode":0,"name":"Shaded","section":"Shading Mode"},"sceneLighting":false,"audioPlay":false,"sceneViewState":{"showFog":true,"showMaterialUpdate":true,"showSkybox":false,"showFlares":true,"showImageEffects":true,"showParticleSystems":true},"in2DMode":false,"pivot":{"x":49.95860290527344,"y":13.219404220581055,"z":-2.3657419681549074},"rotation":{"x":-0.06577839702367783,"y":0.2265055626630783,"z":-0.016412345692515374,"w":-0.9720921516418457},"size":4.751104354858398,"orthographic":false}