{"cameraMode":{"drawMode":0,"name":"Shaded","section":"Shading Mode"},"sceneLighting":false,"audioPlay":false,"sceneViewState":{"showFog":true,"showMaterialUpdate":true,"showSkybox":false,"showFlares":true,"showImageEffects":true,"showParticleSystems":true},"in2DMode":false,"pivot":{"x":-76.10442352294922,"y":-0.660369873046875,"z":89.18000030517578},"rotation":{"x":-0.05333641916513443,"y":-0.9472699165344238,"z":0.22304168343544007,"w":-0.2253032773733139},"size":0.7677157521247864,"orthographic":false}