{"cameraMode":{"drawMode":0,"name":"Shaded","section":"Shading Mode"},"sceneLighting":false,"audioPlay":false,"sceneViewState":{"showFog":true,"showMaterialUpdate":true,"showSkybox":false,"showFlares":true,"showImageEffects":true,"showParticleSystems":true},"in2DMode":false,"pivot":{"x":17.65999984741211,"y":-1.2034945487976075,"z":51.979759216308597},"rotation":{"x":0.061668261885643008,"y":-0.9117462038993836,"z":0.14942799508571626,"w":0.37849581241607668},"size":1.9641824960708619,"orthographic":false}