{"cameraMode":{"drawMode":0,"name":"Shaded","section":"Shading Mode"},"sceneLighting":false,"audioPlay":false,"sceneViewState":{"showFog":true,"showMaterialUpdate":true,"showSkybox":false,"showFlares":true,"showImageEffects":true,"showParticleSystems":true},"in2DMode":false,"pivot":{"x":-1.2168049812316895,"y":0.05756378173828125,"z":7.09733247756958},"rotation":{"x":-0.11047416180372238,"y":0.409914493560791,"z":-0.05071784183382988,"w":-0.9044387340545654},"size":2.159198760986328,"orthographic":false}