{"cameraMode":{"drawMode":0,"name":"Shaded","section":"Shading Mode"},"sceneLighting":false,"audioPlay":false,"sceneViewState":{"showFog":true,"showMaterialUpdate":true,"showSkybox":false,"showFlares":true,"showImageEffects":true,"showParticleSystems":true},"in2DMode":false,"pivot":{"x":0.2123478651046753,"y":-7.602436065673828,"z":14.132539749145508},"rotation":{"x":-0.15082816779613496,"y":-0.6698910593986511,"z":0.14018523693084718,"w":-0.7139118313789368},"size":3.6591989994049074,"orthographic":false}