{"cameraMode":{"drawMode":0,"name":"Shaded","section":"Shading Mode"},"sceneLighting":false,"audioPlay":false,"sceneViewState":{"showFog":true,"showMaterialUpdate":true,"showSkybox":false,"showFlares":true,"showImageEffects":true,"showParticleSystems":true},"in2DMode":false,"pivot":{"x":0.0,"y":-0.17697763442993165,"z":1.5710432529449463},"rotation":{"x":-0.06177271902561188,"y":0.01737702451646328,"z":-0.0020485699642449619,"w":-0.9984104037284851},"size":2.410639762878418,"orthographic":false}