{"cameraMode":{"drawMode":0,"name":"Shaded","section":"Shading Mode"},"sceneLighting":false,"audioPlay":false,"sceneViewState":{"showFog":true,"showMaterialUpdate":false,"showSkybox":false,"showFlares":true,"showImageEffects":true,"showParticleSystems":true},"in2DMode":false,"pivot":{"x":-0.06594938039779663,"y":-0.3697240352630615,"z":-0.3319348692893982},"rotation":{"x":-0.05887677147984505,"y":-0.6567032933235169,"z":0.051514409482479098,"w":-0.7501235008239746},"size":0.3246467709541321,"orthographic":false}