{"cameraMode":{"drawMode":0,"name":"Shaded","section":"Shading Mode"},"sceneLighting":true,"audioPlay":false,"sceneViewState":{"showFog":true,"showMaterialUpdate":true,"showSkybox":true,"showFlares":true,"showImageEffects":true,"showParticleSystems":true},"in2DMode":false,"pivot":{"x":-1.7833962440490723,"y":2.706721305847168,"z":0.38493239879608157},"rotation":{"x":0.15662533044815064,"y":0.0139407217502594,"z":-0.00378167605958879,"w":0.9882214665412903},"size":4.764423370361328,"orthographic":false}