{"cameraMode":{"drawMode":0,"name":"Shaded","section":"Shading Mode"},"sceneLighting":false,"audioPlay":false,"sceneViewState":{"showFog":true,"showMaterialUpdate":true,"showSkybox":false,"showFlares":true,"showImageEffects":true,"showParticleSystems":true},"in2DMode":false,"pivot":{"x":0.0,"y":0.22959280014038087,"z":0.31549787521362307},"rotation":{"x":-0.04422455281019211,"y":-0.8861364126205444,"z":0.08542570471763611,"w":-0.45407167077064516},"size":0.8731017708778381,"orthographic":false}