{"cameraMode":{"drawMode":0,"name":"Shaded","section":"Shading Mode"},"sceneLighting":false,"audioPlay":false,"sceneViewState":{"showFog":true,"showMaterialUpdate":false,"showSkybox":false,"showFlares":true,"showImageEffects":true,"showParticleSystems":true},"in2DMode":false,"pivot":{"x":0.0,"y":-0.17697763442993165,"z":1.5710432529449463},"rotation":{"x":0.055703140795230868,"y":-0.8598402142524719,"z":0.0961054190993309,"w":0.49837175011634829},"size":2.410639762878418,"orthographic":false}