{"cameraMode":{"drawMode":0,"name":"Shaded","section":"Shading Mode"},"sceneLighting":false,"audioPlay":false,"sceneViewState":{"showFog":true,"showMaterialUpdate":true,"showSkybox":false,"showFlares":true,"showImageEffects":true,"showParticleSystems":true},"in2DMode":false,"pivot":{"x":-76.10442352294922,"y":-0.660369873046875,"z":89.18000030517578},"rotation":{"x":-0.030249839648604394,"y":-0.9703440070152283,"z":0.17682647705078126,"w":-0.1640789657831192},"size":0.7677157521247864,"orthographic":false}