{"cameraMode":{"drawMode":0,"name":"Shaded","section":"Shading Mode"},"sceneLighting":false,"audioPlay":false,"sceneViewState":{"showFog":true,"showMaterialUpdate":true,"showSkybox":false,"showFlares":true,"showImageEffects":true,"showParticleSystems":true},"in2DMode":false,"pivot":{"x":0.04740995168685913,"y":0.972146213054657,"z":0.28451788425445559},"rotation":{"x":0.11925026029348374,"y":-0.8668378591537476,"z":0.4145774841308594,"w":0.25182971358299258},"size":2.549276113510132,"orthographic":false}