{"cameraMode":{"drawMode":0,"name":"Shaded","section":"Shading Mode"},"sceneLighting":false,"audioPlay":false,"sceneViewState":{"showFog":true,"showMaterialUpdate":true,"showSkybox":false,"showFlares":true,"showImageEffects":true,"showParticleSystems":true},"in2DMode":false,"pivot":{"x":0.0038847923278808595,"y":0.30000001192092898,"z":0.0},"rotation":{"x":-0.0007497225305996835,"y":0.9982055425643921,"z":-0.06328543275594711,"w":-0.016012676060199739},"size":0.7156438231468201,"orthographic":false}