{"cameraMode":{"drawMode":0,"name":"Shaded","section":"Shading Mode"},"sceneLighting":false,"audioPlay":false,"sceneViewState":{"showFog":true,"showMaterialUpdate":true,"showSkybox":false,"showFlares":true,"showImageEffects":true,"showParticleSystems":true},"in2DMode":false,"pivot":{"x":-15.200054168701172,"y":-0.9140157699584961,"z":23.440046310424806},"rotation":{"x":-0.08853095024824143,"y":0.4498818516731262,"z":-0.04469161853194237,"w":-0.8878581523895264},"size":3.507502555847168,"orthographic":false}