{"cameraMode":{"drawMode":0,"name":"Shaded","section":"Shading Mode"},"sceneLighting":true,"audioPlay":false,"sceneViewState":{"showFog":true,"showMaterialUpdate":true,"showSkybox":true,"showFlares":true,"showImageEffects":true,"showParticleSystems":true},"in2DMode":false,"pivot":{"x":0.5277736186981201,"y":-0.22391921281814576,"z":3.6263246536254885},"rotation":{"x":-0.015732040628790857,"y":-0.27843526005744936,"z":-0.003905713092535734,"w":0.9607843160629273},"size":0.9549399018287659,"orthographic":false}