{"cameraMode":{"drawMode":0,"name":"Shaded","section":"Shading Mode"},"sceneLighting":false,"audioPlay":false,"sceneViewState":{"showFog":true,"showMaterialUpdate":true,"showSkybox":false,"showFlares":true,"showImageEffects":true,"showParticleSystems":true},"in2DMode":false,"pivot":{"x":-77.05133819580078,"y":-1.346514344215393,"z":82.46636962890625},"rotation":{"x":0.061668261885643008,"y":-0.9117462038993836,"z":0.14942799508571626,"w":0.37849581241607668},"size":1.240957498550415,"orthographic":false}