{"cameraMode":{"drawMode":0,"name":"Shaded","section":"Shading Mode"},"sceneLighting":true,"audioPlay":false,"sceneViewState":{"showFog":true,"showMaterialUpdate":true,"showSkybox":true,"showFlares":true,"showImageEffects":true,"showParticleSystems":true},"in2DMode":false,"pivot":{"x":0.12214765697717667,"y":1.2176941633224488,"z":-0.31985145807266238},"rotation":{"x":0.021453823894262315,"y":0.5198736786842346,"z":-0.014411890879273415,"w":0.8545445799827576},"size":6.72674560546875,"orthographic":false}